Season,Type,Noongar name,Common name,Scientific name,Why it is associated with the season,Association type,,
Birak,Fauna,Marany,Marron,Cherax cainii,Marron are seasonally available around freshwater environments,Seasonal resource,,
Birak,Fauna,Mederong,Mullet,Species not specified,"Mullet are caught along coasts, rivers and estuaries",Seasonal resource,,
Birak,Fauna,Paarndi,Bream,Species not specified,Bream are caught in coastal/estuarine environments,Seasonal resource,,
Boonaroo / Bunuru,Flora,Djiridji,Zamia,Macrozamia riedlei,Large cones develop and seeds ripen from green to red,Fruiting/ripening,,
Boonaroo / Bunuru,Flora,Djaraly,Jarrah,Eucalyptus marginata,White flowers are prominent during Bunuru,Flowering,,
Boonaroo / Bunuru,Flora,Marri,Marri,Corymbia calophylla,White flowers are prominent during Bunuru,Flowering,,
Boonaroo / Bunuru,Fauna,Waitj,Emu,Dromaius novaehollandiae,Emus feed on the fleshy outer part of ripening Zamia seeds,Feeding behaviour,,
Boonaroo / Bunuru,Fauna,Ngarilang,Australian Herring,Arripis georgianus,Herring are seasonally plentiful around the coast,Seasonal resource,,
Boonaroo / Bunuru,Fauna,Ngari,Australian Salmon,Arripis truttaceus,"Some sources associate salmon availability with this period, although the documented timing varies between Noongar/Yuat information",Regional seasonal association,,
Boonaroo / Bunuru,Fauna,Kwilenas,Dophin,Tursiops spp.,"Djeran marks the dolphins' birthing period, making it an ideal time to spot calves alongside their mothers in their natural habitat.",,,
Djiran / Djeran,Flora,Yorgum,Red-flowering Gum,Corymbia ficifolia,Red flowering is a prominent seasonal sign,Flowering,,
Djiran / Djeran,Flora,Kondil,Sheoak,Allocasuarina fraseriana,Seed cones and reddish “rust” become noticeable,Reproductive cycle,,
Djiran / Djeran,Fauna,Ngari,Australian Salmon,Arripis truttaceus,Ngari begin running/spawning as the weather cools,Migration/spawning,,
Mookaroo / Makuru,Flora,Wonil,Weeping Peppermint,Agonis flexuosa,White flowers begin appearing toward the end of Makuru,Flowering,,
Mookaroo / Makuru,Fauna,Mali,Black Swan,Cygnus atratus,Large numbers gather around waterways in preparation for nesting and breeding,Breeding,,
Mookaroo / Makuru,Fauna,Maamang / Mernong,Southern Right Whale,Eubalaena australis,Documented as coming to southern Australian waters during the colder Mookaroo–Djilba period,Seasonal migration,,
Mookaroo / Makuru,Fauna,Yongar,Kangaroo,Macropus fuliginosus,Land-based grazing animals become important seasonal resources,Seasonal resource,,
Djilba,Flora,Poolgarla,Bull banksia,Banksia grandis,,,,
Djilba,Flora,Kudjong,Orange wattle,Acacia salinga,,,,
Djilba,Flora,Galyang,Ridgid wattle,Acacia cochlearis,,,,
Djilba,Flora,Balga,Grass Trees,Xanthorrhoea spp.,Flower stalks emerge as Kambarang approaches,Flowering,,
Djilba,Fauna,Djidi-djidi,Willie Wagtail,Rhipidura leucophrys,Noongar Boodjar records them having young during Djilba,Breeding,,
Djilba,Fauna,Tjoodik,White-cheeked Honeyeater,Phylidonyris niger,Noongar Boodjar records breeding during Djilba,Breeding,,
Djilba,Fauna,Koolbardi,Australian Magpie,Gymnorhina tibicen,Woodland birds remain nest-bound and adults protect their nests,Nesting,,
Djilba,Fauna,Paarndi,Black Bream,Acanthopagrus butcheri,Freshwater/estuarine fish identified as seasonally caught during Djilba,Seasonal resource,,
Djilba,Fauna,Maamang / Mernong,Southern Right Whale,Eubalaena australis,Colder-season association continues through Djilba,Seasonal migration,,
Djilba,Fauna,Ngwir,Possum,,,,,
Kambarang,Flora,Kurulbrang,Kangaroo Paw,Anigozanthos spp.,Flowers prominently during the wildflower season,Flowering,,
Kambarang,Flora,Balga,Grass Trees,Xanthorrhoea preissii,"Balgas flower, especially following burning",Flowering,,
Kambarang,Flora,Moodjar / Mooja,Australian Christmas Tree,Nuytsia floribunda,Bright orange-yellow flowering signals the approach of hotter weather,Seasonal indicator,,
Kambarang,Fauna,Merany,Blue marron,Cherax cainii,Marron are among freshwater resources caught during Kambarang,Seasonal resource,,
Kambarang,Fauna,Toobitj,Dugite,Pseudonaja affinis,,,,
Kambarang,Fauna,Kaarda,Goanna,Varanus gouldii,,,,
Kambarang,Fauna,Noorn,Tiger snake,Notechis scutatus,,,,
Kambarang,Fauna,Yoorn,Bobtail,Tiliqua rugosa,,,,